USE mes_db;

-- 生产计划测试数据
INSERT INTO `production_plan` (`product_name`, `planned_quantity`, `start_time`, `end_time`, `priority`, `status`) VALUES
('精密轴承A型', 500, '2026-04-01 08:00:00', '2026-04-15 18:00:00', 2, 2),
('齿轮组件B型', 300, '2026-04-05 08:00:00', '2026-04-20 18:00:00', 1, 1),
('电机外壳C型', 200, '2026-04-10 08:00:00', '2026-04-25 18:00:00', 2, 1),
('连接法兰D型', 800, '2026-04-15 08:00:00', '2026-05-01 18:00:00', 0, 0),
('液压阀体E型', 150, '2026-04-20 08:00:00', '2026-05-05 18:00:00', 1, 0),
('传动链轮F型', 600, '2026-05-01 08:00:00', '2026-05-20 18:00:00', 2, 0),
('密封垫片G型', 1000, '2026-03-01 08:00:00', '2026-03-20 18:00:00', 0, 2),
('弹簧组件H型', 400, '2026-03-10 08:00:00', '2026-03-30 18:00:00', 1, 2);

-- 工单测试数据（关联生产计划和负责人）
INSERT INTO `work_order` (`plan_id`, `product_name`, `quantity`, `assignee_id`, `process_requirement`, `delivery_date`, `status`, `actual_quantity`, `complete_time`) VALUES
(1, '精密轴承A型', 250, 2, '车削→磨削→热处理→检验', '2026-04-10', 5, 248, '2026-04-09 16:30:00'),
(1, '精密轴承A型', 250, 3, '车削→磨削→热处理→检验', '2026-04-15', 5, 250, '2026-04-14 17:00:00'),
(2, '齿轮组件B型', 150, 2, '锻造→粗加工→精加工→渗碳', '2026-04-15', 3, NULL, NULL),
(2, '齿轮组件B型', 150, 4, '锻造→粗加工→精加工→渗碳', '2026-04-20', 2, NULL, NULL),
(3, '电机外壳C型', 100, 3, '铸造→机加工→喷涂→组装', '2026-04-20', 3, NULL, NULL),
(3, '电机外壳C型', 100, 4, '铸造→机加工→喷涂→组装', '2026-04-25', 1, NULL, NULL),
(4, '连接法兰D型', 400, 2, '冲压→焊接→打磨→防锈处理', '2026-04-28', 0, NULL, NULL),
(4, '连接法兰D型', 400, 3, '冲压→焊接→打磨→防锈处理', '2026-05-01', 0, NULL, NULL),
(5, '液压阀体E型', 75, 4, '精密铸造→CNC加工→研磨→测试', '2026-05-01', 0, NULL, NULL),
(5, '液压阀体E型', 75, 2, '精密铸造→CNC加工→研磨→测试', '2026-05-05', 0, NULL, NULL),
(7, '密封垫片G型', 500, 3, '冲裁→硫化→修边→检验', '2026-03-15', 5, 498, '2026-03-14 15:00:00'),
(7, '密封垫片G型', 500, 4, '冲裁→硫化→修边→检验', '2026-03-20', 5, 500, '2026-03-19 16:00:00'),
(8, '弹簧组件H型', 200, 2, '卷绕→回火→喷丸→检测', '2026-03-25', 5, 198, '2026-03-24 14:30:00'),
(8, '弹簧组件H型', 200, 3, '卷绕→回火→喷丸→检测', '2026-03-30', 5, 200, '2026-03-29 17:00:00');

-- 物料测试数据
INSERT INTO `material` (`code`, `name`, `spec`, `unit`, `stock_quantity`, `safety_stock`) VALUES
('MAT-001', '45号钢棒料', 'Φ50×200mm', '根', 320, 100),
('MAT-002', '铝合金板材', '1200×600×3mm', '张', 85, 50),
('MAT-003', '轴承钢GCr15', 'Φ30×150mm', '根', 45, 80),
('MAT-004', '橡胶密封条', '10×5mm 卷装', '米', 1500, 500),
('MAT-005', '不锈钢螺栓', 'M10×50', '个', 2000, 800),
('MAT-006', '铜合金棒', 'Φ20×100mm', '根', 30, 60),
('MAT-007', '弹簧钢丝', 'Φ3mm', '公斤', 200, 100),
('MAT-008', '防锈漆', '5L/桶', '桶', 15, 10),
('MAT-009', '液压油', '18L/桶', '桶', 8, 5),
('MAT-010', '砂纸', '240目 230×280mm', '张', 500, 200);

-- 物料出入库记录
INSERT INTO `material_record` (`material_id`, `type`, `quantity`, `before_quantity`, `after_quantity`, `operate_time`) VALUES
(1, 0, 200, 120, 320, '2026-04-01 09:00:00'),
(2, 0, 100, 35, 135, '2026-04-02 10:00:00'),
(2, 1, 50, 135, 85, '2026-04-05 14:00:00'),
(3, 0, 100, 25, 125, '2026-03-28 09:30:00'),
(3, 1, 80, 125, 45, '2026-04-08 11:00:00'),
(4, 0, 1000, 500, 1500, '2026-04-01 08:30:00'),
(5, 0, 1500, 500, 2000, '2026-03-25 09:00:00'),
(6, 1, 20, 50, 30, '2026-04-10 15:00:00'),
(7, 0, 150, 50, 200, '2026-04-03 10:00:00'),
(8, 1, 5, 20, 15, '2026-04-12 14:00:00'),
(9, 0, 10, 3, 13, '2026-04-05 09:00:00'),
(9, 1, 5, 13, 8, '2026-04-15 16:00:00');

-- 质量检验记录
INSERT INTO `quality_inspection` (`work_order_id`, `inspection_date`, `inspector`, `inspection_quantity`, `qualified_quantity`, `unqualified_quantity`, `unqualified_reason`, `pass_rate`) VALUES
(1, '2026-04-09', '张三', 248, 245, 3, '表面粗糙度超标', 98.79),
(2, '2026-04-14', '李四', 250, 250, 0, NULL, 100.00),
(11, '2026-03-14', '李四', 498, 490, 8, '尺寸偏差', 98.39),
(12, '2026-03-19', '王五', 500, 497, 3, '材料缺陷', 99.40),
(13, '2026-03-24', '张三', 198, 192, 6, '弹力不达标', 96.97),
(14, '2026-03-29', '李四', 200, 200, 0, NULL, 100.00),
(1, '2026-04-08', '王五', 100, 95, 5, '热处理变形', 95.00),
(2, '2026-04-13', '张三', 120, 118, 2, '表面划痕', 98.33),
(11, '2026-03-13', '张三', 200, 185, 15, '硫化不均匀', 92.50),
(13, '2026-03-23', '王五', 100, 88, 12, '卷绕角度偏差', 88.00);
